label_Status,precision,recall,f1_score
0.0,0.9981892258940697,0.9981892258940697,0.9981892258940697
1.0,0.9007741027445461,0.9007741027445461,0.9007741027445461
